{
  "session_stats": {
    "total_blinks": 14,
    "avg_blink_rate": 25.99882496555759,
    "total_session_time": 73.47358202934265,
    "productive_time": 36.736791014671326,
    "non_productive_time": 36.736791014671326,
    "focus_score_avg": 100.0,
    "distraction_count": 0
  },
  "stats_data": {
    "timestamps": [
      1753912557.987572,
      1753912563.042985,
      1753912568.044548,
      1753912573.047864,
      1753912578.213262,
      1753912583.403523,
      1753912590.6831949,
      1753912595.842592,
      1753912600.847347,
      1753912605.847542,
      1753912610.85021,
      1753912616.017419,
      1753912621.303735,
      1753912626.456248,
      1753912631.461154
    ],
    "blink_rates": [
      0.0,
      23.157990342426583,
      23.567860044928246,
      27.655821846167203,
      26.532922514184605,
      30.53753724004681,
      23.76454331606776,
      23.69580661324589,
      25.124366283196096,
      27.507820316173714,
      28.307750354050704,
      27.856000538395193,
      17.4484485082741,
      27.93551586211352,
      30.891165738535797
    ],
    "gaze_directions": [
      "Unknown",
      "Center",
      "Center",
      "Center",
      "Center",
      "Center",
      "Center",
      "Center",
      "Center",
      "Center",
      "Center",
      "Left",
      "Center",
      "Right",
      "Center"
    ],
    "productivity_scores": [
      0.5,
      0.5,
      0.5,
      0.5,
      0.5,
      0.5,
      0.5,
      0.5,
      0.5,
      0.5,
      0.5,
      0.5,
      0.5,
      0.5,
      0.5
    ],
    "focus_scores": [
      100,
      100,
      100,
      100,
      100,
      100,
      100,
      100,
      100,
      100,
      100,
      100,
      100,
      100,
      100
    ],
    "eye_contact_events": [],
    "distraction_events": []
  },
  "session_start": 1753912557.8611672,
  "session_end": 1753912652.344338
}